{
  "id": "murder-board",
  "title": "Murder Board",
  "description": "An interactive and collaborative module for visualization in Foundry VTT",
  "authors": [
    {
      "name": "Fuligin Heart"
    }
  ],
  "version": "1.2.1",
  "compatibility": {
    "minimum": "13",
    "verified": "13.351"
  },
  "socket": true,
  "esmodules": [
    "src/murder-board.js"
  ],
  "styles": [
    "styles/murder-board.css"
  ],
  "languages": [
    {
      "lang": "en",
      "name": "English",
      "path": "lang/en.json"
    }
  ],
  "relationships": {
    "systems": [],
    "requires": [
        {
            "id": "socketlib",
            "type": "module"
        }
    ]
}
}